Name,Category,Subcategory,Area,Address,Description,Latitude,Longitude,Opening Hours,Price Range,Rating,Website
"The Alchemist","Night Life","bar_lounge","Westlands","Parklands Road, Westlands","Nairobi's best-known creative hub — an open-air yard of shops, street-food stalls and bars with resident DJs, live sets and a courtyard crowd that spills out until the early hours.","-1.266","36.806","Daily 12:00 PM - 4:00 AM","KSh 1,500 - 4,000","4.6","https://www.alchemist254.com"
"Brew Bistro & Lounge","Night Life","rooftop_bar","Westlands","Fortis Towers, Woodvale Grove, Westlands","Eleventh-floor rooftop gastro pub with sweeping city views, house-brewed craft beers, cocktails and regular live-band nights that run late into the weekend.","-1.2642","36.802","Daily 12:00 PM - 2:00 AM","KSh 1,500 - 4,000","4.5"
"Havana Bar","Night Life","cocktail_bar","Westlands","Woodvale Grove, Westlands","Long-standing Westlands Latin-inspired cocktail bar, popular for mojitos, resident DJs and a lively weekend dance floor that fills up after midnight.","-1.2655","36.8035","Daily 4:00 PM - 4:00 AM","KSh 1,500 - 4,500","4.3"
"Gipsy Bar","Night Life","bar","Westlands","Woodvale Grove, Westlands","Casual Westlands bar with pool tables, sport screens and a friendly local crowd, open late for drinks, bar snacks and a chilled mid-week vibe.","-1.2663","36.8055","Daily 11:00 AM - 2:00 AM","KSh 1,000 - 3,000","4.2"
"Privee","Night Life","night_club","Westlands","Westlands, Nairobi","Sleek VIP-focused Westlands lounge and club with bottle service, intimate booths and Afrobeats and hip-hop nights every weekend.","-1.2658","36.8065","Wed - Sat 9:00 PM - 5:00 AM","KSh 3,000 - 10,000","4.2"
"Mercury Lounge","Night Life","lounge","Westlands","ABC Place, Waiyaki Way, Westlands","Polished Westlands lounge for cocktails and small plates, with a dressed-up evening crowd, resident DJs and a terrace that fills up from sundowners to midnight.","-1.2585","36.793","Daily 4:00 PM - 2:00 AM","KSh 2,000 - 5,500","4.5"
"Sarabi Rooftop Lounge","Night Life","rooftop_bar","Westlands","Westlands, Nairobi","Popular rooftop lounge with sweeping city views, creative craft cocktails and DJ-led sundowners that stretch well into the night above the Westlands skyline.","-1.267","36.805","Daily 4:00 PM - 2:00 AM","KSh 1,500 - 4,500","4.4"
"Tapas Bar & Restaurant","Night Life","bar_lounge","Westlands","The Oval, Ring Road Westlands","Relaxed tapas bar serving Mediterranean small plates, wine and signature cocktails with a busy after-work and late-evening crowd in the heart of Westlands.","-1.2662","36.8075","Daily 11:00 AM - 1:00 AM","KSh 2,000 - 5,000","4.4"
"Nairobi Street Kitchen","Night Life","late_night_eats","Westlands","Woodvale Grove, Westlands","Buzzy open-air food and bar yard bringing together street-food stalls, craft drinks and DJ sets in a vibrant Westlands courtyard setting, open until late.","-1.265","36.8005","Daily 11:00 AM - 12:00 AM","KSh 1,500 - 3,500","4.5"
"Asiatic Rooftop Bar","Night Life","rooftop_bar","Westlands","Karuna Road, Westlands","Asian-inspired rooftop bar and restaurant open seven days a week, pairing creative cocktails with pan-Asian small plates and city views from above Westlands.","-1.2605","36.7985","Daily 12:00 PM - 12:00 AM","KSh 2,000 - 5,000","4.5","https://www.theasiatic.com"
"Seven Seafood & Grill","Night Life","bar_lounge","Westlands","The Oval, Ring Road Westlands","Premier seafood grill and bar with fresh fish flown in from the coast daily, a buzzing bar and an evening crowd that stays late for cocktails and desserts.","-1.2658","36.8025","Daily 12:00 PM - 11:00 PM","KSh 2,500 - 6,000","4.6"
"Black Diamond","Night Life","night_club","Westlands","Woodvale Grove, Westlands","Upscale Westlands club known for resident and guest DJs, a sleek modern interior, VIP sections and live band nights that pull a well-dressed late-night crowd.","-1.265","36.803","Fri - Sat 8:00 PM - 5:00 AM","KSh 1,500 - 5,000","4.2"
"Cavalli Club Nairobi","Night Life","night_club","Westlands","Westlands, Nairobi","Glitzy Westlands nightclub with plush interiors, VIP booths and Afrobeats and amapiano nights that keep going until sunrise.","-1.2645","36.8045","Thu - Sun 9:00 PM - 5:00 AM","KSh 2,000 - 6,000","4.1"
"Mayfair Casino","Night Life","casino","Westlands","Parklands Road, Westlands","One of Nairobi's longest-established casinos, offering table games, slot machines, a members' lounge and 24-hour gaming in the heart of Westlands.","-1.262","36.8145","Daily 24 Hours","KSh 1,000 - 50,000","4.2"
"Casino Flamingo","Night Life","casino","Westlands","Ojijo Road, Westlands","Spacious Westlands casino with dozens of slot machines and live gaming tables, popular with night owls looking for a late-night flutter and free parking.","-1.263","36.809","Daily 24 Hours","KSh 1,000 - 40,000","4.1"
"Kiza Restaurant & Lounge","Night Life","lounge","Kilimani","Galana Road, Kilimani","Award-winning contemporary African restaurant and lounge pairing authentic cuisine with shisha, live music and a rooftop terrace that buzzes every night.","-1.298","36.783","Tue - Sun 4:00 PM - 3:30 AM","KSh 1,500 - 5,000","4.4"
"Black Samurai Lounge","Night Life","night_club","Kilimani","Maralal Oasis, Rose Avenue, Kilimani","High-energy Kilimani club on the 6th floor, famous for themed nights, a heavyweight sound system and Afrobeats and hip-hop sets that run until dawn.","-1.2915","36.787","Fri - Sun 7:00 PM - 6:00 AM","KSh 1,500 - 5,000","4.0"
"XS Nairobi","Night Life","night_club","Kilimani","Kilimani, Nairobi","One of Nairobi's party powerhouses, mixing Afrobeats, amapiano and hip-hop across a big-room dance floor with regular headline DJs and themed event nights.","-1.29","36.789","Thu - Sun 9:00 PM - 5:00 AM","KSh 1,500 - 4,500","4.1"
"Unseen Nairobi","Night Life","rooftop_bar","Kilimani","Wood Avenue, Kilimani","Rooftop bar and open-air cinema in Kilimani, pairing craft cocktails with film screenings, art pop-ups and mellow evening DJ sets above the neighbourhood.","-1.2925","36.7855","Tue - Sun 5:00 PM - 1:00 AM","KSh 1,500 - 3,500","4.5"
"Fogo Gaucho Kilimani","Night Life","bar_lounge","Kilimani","Galana Plaza, Galana Road, Kilimani","Brazilian steakhouse with an all-you-can-eat churrasco menu, a lively bar and an evening atmosphere that often stretches into a full night out after dinner.","-1.296","36.782","Daily 12:00 PM - 10:30 PM","KSh 3,000 - 5,000","4.3","https://fogogaucho.co.ke"
"K1 Klub House","Night Life","night_club","Parklands","2nd Parklands Avenue, Parklands","A Nairobi nightlife institution. K1's sprawling multi-room club and beer garden keep the dance floor packed from Thursday through Sunday with Afrobeats and house.","-1.2635","36.815","Thu - Sun 6:00 PM - 5:00 AM","KSh 1,000 - 3,500","4.3"
"The Talisman Restaurant","Night Life","bar_lounge","Karen","320 Ngong Road, Karen","Elegant gastrolounge in a colonial-era building set in Karen's leafy gardens — celebrated for creative cuisine, a well-curated wine list and a relaxed evening vibe.","-1.342","36.708","Tue - Sun 11:00 AM - 10:00 PM","KSh 2,500 - 7,000","4.7","https://www.thetalismanrestaurant.com"
"The Purdy Arms","Night Life","pub","Karen","Marula Lane, Karen","Quintessential Karen pub and B&B — a favourite haunt with a friendly bar, hearty food, quiz nights, live sport and a garden terrace that fills at weekends.","-1.337","36.703","Daily 9:00 AM - 11:00 PM","KSh 1,000 - 3,500","4.5","https://www.purdyarms.com"
"Hemingways Nairobi Bar","Night Life","bar_lounge","Karen","Mbagathi Ridge, Karen","Elegant colonial-style bar at Hemingways boutique hotel, offering handcrafted cocktails, an extensive whisky library and a refined Karen setting for a quiet evening drink.","-1.344","36.706","Daily 11:00 AM - 11:00 PM","KSh 3,000 - 8,000","4.7","https://www.hemingways-collection.com/nairobi/"
"Boho Eatery","Night Life","bar_lounge","Karen","Karen, Nairobi","Relaxed garden eatery and bar in Karen with a bohemian courtyard, brunch by day and cocktails and wine as the evening sets in, popular with a laid-back weekend crowd.","-1.348","36.715","Daily 9:00 AM - 10:00 PM","KSh 1,500 - 4,000","4.5"
"The Carnivore","Night Life","live_music","Langata","Langata Road, Langata","Iconic open-air nyama choma restaurant and entertainment venue, famous for the all-you-can-eat Beast of a Feast grill, live music at Simba Saloon and late-night crowds.","-1.351","36.758","Daily 12:00 PM - 11:00 PM","KSh 2,500 - 5,500","4.5","https://tamarind.co.ke/locations/carnivore"
"Sky Lounge at Ole-Sereni","Night Life","rooftop_bar","Langata","Mombasa Road, Langata","Rooftop lounge and grill at the Emara Ole-Sereni hotel, offering panoramic views towards Nairobi National Park, cocktails and live weekend music as the sun sets.","-1.335","36.833","Daily 5:00 PM - 1:00 AM","KSh 2,000 - 5,000","4.5"
"Kengeles Lavington","Night Life","bar","Lavington","Lavington, Nairobi","Neighbourhood bar and grill institution known for hearty food, cold Tusker on tap, a relaxed crowd and evenings that drift late into the night.","-1.2745","36.7695","Daily 11:00 AM - 1:00 AM","KSh 1,000 - 3,000","4.3"
"Mambo Italia Lavington","Night Life","bar_lounge","Lavington","Lavington, Nairobi","Casual Italian bar-restaurant serving artisan pizza, pasta and gelato with wine and cocktails, a lively family-friendly space that turns social in the evenings.","-1.275","36.771","Daily 11:30 AM - 9:30 PM","KSh 1,500 - 4,000","4.5","https://mambo-italia.com"
"Trademark Hotel Dining","Night Life","bar_lounge","Gigiri","Village Market, Limuru Road, Gigiri","Stylish hotel bar and brasserie at the Trademark Hotel in Village Market, with cocktails, wine and refined small plates in an upmarket Gigiri setting.","-1.231","36.813","Daily 12:00 PM - 12:00 AM","KSh 2,500 - 7,000","4.6","https://www.trademark-hotel.com"
"Village Market Dining Terrace","Night Life","late_night_eats","Gigiri","Village Market, Gigiri","Open-air food and entertainment terrace in the Village Market complex, with varied dining, a bar and events that draw an evening crowd from Gigiri and Runda.","-1.2325","36.8135","Daily 9:00 AM - 10:00 PM","KSh 1,000 - 4,000","4.3","https://villagemarket-kenya.com"
"Radisson Blu Upper Hill Bar","Night Life","bar_lounge","Upper Hill","Upper Hill, Nairobi","Chic hotel bar at the Radisson Blu Upper Hill offering creative cocktails, an international wine list and a refined business crowd on weekday evenings.","-1.298","36.818","Daily 5:00 PM - 1:00 AM","KSh 2,000 - 6,000","4.4","https://www.radissonhotels.com"
"Fairview Hotel Mukutan Garden","Night Life","bar_lounge","Upper Hill","Bishop Road, Upper Hill","24-hour garden café and bar at the historic Fairview Hotel, with a quiet outdoor terrace, cold drinks, light bites and a peaceful Upper Hill setting open late.","-1.293","36.812","Daily 24 Hours","KSh 1,500 - 4,000","4.3","https://www.ihg.com/vignettecollection/hotels/us/en/nairobi/nbofn/hoteldetail"
"Kwetu Nairobi Rooftop Bar","Night Life","rooftop_bar","Upper Hill","Upper Hill, Nairobi","Six-venue boutique property in Upper Hill with a rooftop cocktail lounge, Mediterranean cuisine, specialty coffee and poolside drinks in a stylish hotel setting.","-1.296","36.815","Daily 12:00 PM - 12:00 AM","KSh 2,000 - 5,500","4.5","https://kwetu-nairobi.com"
"Muthaiga Country Club","Night Life","bar_lounge","Muthaiga","Muthaiga Road, Muthaiga","Residents' bar and restaurant at the iconic Muthaiga Country Club, welcoming guests for cocktails, wines and a classic Nairobi evening in one of the city's most storied settings.","-1.241","36.831","Tue - Sun 12:00 PM - 10:00 PM","KSh 2,000 - 6,000","4.5","https://www.mcc.co.ke"
"Royal 58 Restaurant & Bar","Night Life","bar_lounge","Muthaiga","Muthaiga Road, Muthaiga","Contemporary restaurant and bar on Muthaiga Road offering an extensive cocktail menu, wood-fired grills and a relaxed evening terrace popular with the Muthaiga crowd.","-1.24","36.832","Daily 12:00 PM - 11:00 PM","KSh 2,000 - 5,500","4.4"
"La Villa Restaurant & Wine Bar","Night Life","wine_bar","Riverside","Riverside Drive, Riverside","Intimate wine bar and restaurant on Riverside Drive with a curated selection of Old and New World wines, tapas and a relaxed atmosphere ideal for a quiet evening.","-1.274","36.806","Tue - Sun 4:00 PM - 12:00 AM","KSh 2,000 - 5,500","4.5"
"The Bar Next Door Kileleshwa","Night Life","bar","Kileleshwa","Othaya Road, Kileleshwa","Neighbourhood bar and grill in Kileleshwa with a terrace, cold drinks, grills and a steady local crowd that keeps the evenings lively from midweek through the weekend.","-1.284","36.79","Daily 7:00 AM - 12:00 AM","KSh 1,000 - 3,000","4.2"
"Hellena's Kitchen","Night Life","live_music","Kileleshwa","Kileleshwa, Nairobi","Cosy Kileleshwa restaurant and bar known for its Friday-night live band, warm atmosphere and a menu of grills and comfort food that draws a loyal local following.","-1.286","36.788","Daily 12:00 PM - 11:00 PM","KSh 1,500 - 4,000","4.4"
"The Norfolk Hotel Bar","Night Life","bar","Arboretum","Harry Thuku Road, Arboretum","Historic hotel bar at The Norfolk, one of Nairobi's most iconic addresses, offering expertly mixed cocktails, light bites and old-world charm close to the Arboretum.","-1.274","36.809","Daily 11:00 AM - 1:00 AM","KSh 2,000 - 6,000","4.6","https://www.fairmont.com"