Name,Category,Subcategory,Curriculum,Levels,Area,Address,Description,Latitude,Longitude,Opening Hours,Price Range,Rating
Brookhouse School Karen,Education,international_school,"British, IB","Kindergarten, Primary, Secondary",Karen,"Magadi Road, Karen","Independent international school delivering the British curriculum and IB Diploma across a leafy Karen campus with modern laboratories, arts studios and boarding options.",-1.335,36.705,Mon - Fri 7:30 AM - 5:00 PM,"KSh 450,000 - 1,200,000 / year",4.7
St. Christopher's International School,Education,international_school,British,"Kindergarten, Primary, Secondary",Karen,"Karen Road, Karen","British curriculum international school with Kindergarten to Sixth Form, weekly and full boarding, and a strong reputation for pastoral care and the IGCSE pathway.",-1.338,36.708,Mon - Fri 7:15 AM - 5:00 PM,"KSh 400,000 - 1,000,000 / year",4.6
Hillcrest International School,Education,international_school,British,"Kindergarten, Primary, Secondary",Karen,"Langata Road, Karen","Co-educational international school offering the British curriculum from Kindergarten through A-Level, with spacious grounds, boarding houses and a wide co-curricular programme.",-1.348,36.737,Mon - Fri 7:30 AM - 5:00 PM,"KSh 450,000 - 1,100,000 / year",4.5
Hillcrest Preparatory School,Education,primary_school,British,"Kindergarten, Primary",Karen,"Langata Road, Karen","The preparatory arm of Hillcrest, teaching the British curriculum from Kindergarten to Year 8 in bright, well-resourced classrooms with extensive playing fields.",-1.349,36.736,Mon - Fri 7:30 AM - 4:30 PM,"KSh 350,000 - 700,000 / year",4.5
Nairobi Academy,Education,international_school,"IB, British","Kindergarten, Primary, Secondary",Karen,"Bogani Road, Karen","Long-established day and boarding school offering both the IB and British curricula from Kindergarten to A-Level on a leafy, well-equipped campus.",-1.362,36.702,Mon - Fri 7:30 AM - 5:00 PM,"KSh 400,000 - 950,000 / year",4.5
The Nairobi Waldorf School,Education,primary_school,Waldorf,"Kindergarten, Primary",Karen,"Miotoni Road, Karen","Waldorf school nurturing creativity and independent thinking from Kindergarten to Class 8 through art, music, movement and hands-on learning.",-1.346,36.712,Mon - Fri 7:45 AM - 3:45 PM,"KSh 300,000 - 550,000 / year",4.6
Holy Cross Catholic International School,Education,international_school,British,"Kindergarten, Primary, Secondary",Karen,"Karen, Nairobi","Catholic international school following the British curriculum within a values-led community, from Kindergarten through secondary.",-1.352,36.716,Mon - Fri 7:30 AM - 4:30 PM,"KSh 250,000 - 600,000 / year",4.4
Light Academy Nairobi,Education,international_school,"IB, British","Kindergarten, Primary, Secondary",Karen,"Karen, Nairobi","International school offering the IB and British curricula, known for small class sizes, strong academics and a diverse, multi-national student body.",-1.355,36.72,Mon - Fri 7:30 AM - 5:00 PM,"KSh 350,000 - 800,000 / year",4.5
Makini School Karen,Education,international_school,"CBC, Cambridge","Kindergarten, Primary, Secondary",Karen,"Karen, Nairobi","Dual-curriculum school offering CBC and Cambridge pathways from Kindergarten through secondary, with modern facilities and a strong arts programme.",-1.36,36.71,Mon - Fri 7:30 AM - 5:00 PM,"KSh 200,000 - 600,000 / year",4.3
Catholic University of Eastern Africa,Education,university,,University,Karen,"Bogani East Road, Karen","One of the region's largest private universities, offering undergraduate and postgraduate programmes across a serene, tree-filled Karen campus.",-1.365,36.695,Mon - Fri 8:00 AM - 5:00 PM,"KSh 120,000 - 300,000 / year",4.3
Africa International University,Education,university,,University,Karen,"Karen, Nairobi","Christian university offering degrees in theology, business, education and development studies on a quiet, green Karen campus.",-1.368,36.7,Mon - Fri 8:00 AM - 5:00 PM,"KSh 100,000 - 250,000 / year",4.2
Pan African Christian University,Education,university,,University,Karen,"Karen, Nairobi","Private Christian university offering diploma and degree programmes in theology, business and community development.",-1.358,36.706,Mon - Fri 8:00 AM - 5:00 PM,"KSh 90,000 - 200,000 / year",4.2
Ambleside Stawi International School,Education,international_school,"British, Montessori","Kindergarten, Primary",Karen,"Karen, Nairobi","Small international school blending the British curriculum with a Montessori-inspired early years approach, from Kindergarten through Year 8.",-1.357,36.715,Mon - Fri 7:45 AM - 4:30 PM,"KSh 300,000 - 650,000 / year",4.5
The Banda School,Education,primary_school,British,"Kindergarten, Primary",Langata,"Magadi Road, Langata","One of Nairobi's most respected preparatory schools, following the British curriculum from Kindergarten to Year 8 on a spacious, green campus.",-1.352,36.744,Mon - Fri 7:30 AM - 4:30 PM,"KSh 400,000 - 750,000 / year",4.7
Lenana School,Education,secondary_school,CBC,Secondary,Langata,"Ngong Road, Langata","National boys' boarding school with a proud academic and sporting heritage, offering the CBC pathway at secondary level.",-1.322,36.748,Mon - Fri 8:00 AM - 5:00 PM,"KSh 60,000 - 120,000 / year",4.5
Moi Educational Centre,Education,international_school,CBC,"Kindergarten, Primary, Secondary",Langata,"Mai Mahiu Road, Nairobi West","Established private school offering the CBC curriculum from Kindergarten through secondary, with strong science and music departments.",-1.316,36.789,Mon - Fri 7:30 AM - 5:00 PM,"KSh 120,000 - 300,000 / year",4.3
Langata High School,Education,secondary_school,CBC,Secondary,Langata,"Langata, Nairobi","Public day secondary school offering the CBC curriculum to learners from the surrounding Langata and Southlands neighbourhoods.",-1.36,36.75,Mon - Fri 8:00 AM - 4:30 PM,Public - subsidised,4.1
Langata Barracks Primary School,Education,primary_school,CBC,Primary,Langata,"Langata, Nairobi","Public primary school serving the Langata community, offering the CBC curriculum from Grade 1 to Grade 6.",-1.363,36.753,Mon - Fri 7:50 AM - 4:00 PM,Public - subsidised,4
Tangaza University College,Education,college,,College,Langata,"Langata Road, Langata","Catholic university college offering degrees in theology, education, social studies and business on a green campus along Langata Road.",-1.366,36.76,Mon - Fri 8:00 AM - 5:00 PM,"KSh 100,000 - 250,000 / year",4.4
Brookhouse School Runda,Education,international_school,"British, IB","Kindergarten, Primary, Secondary",Runda,"Runda, Nairobi","The Runda campus of Brookhouse, delivering the British curriculum and IB pathway in a modern, purpose-built setting close to Gigiri.",-1.222,36.802,Mon - Fri 7:30 AM - 5:00 PM,"KSh 450,000 - 1,200,000 / year",4.6
Peponi School,Education,secondary_school,British,Secondary,Runda,"Runda, Nairobi","Leading British-curriculum senior school with boarding, known for academic rigour, a broad co-curricular programme and excellent university placement.",-1.218,36.798,Mon - Fri 7:30 AM - 5:00 PM,"KSh 500,000 - 1,100,000 / year",4.6
Imani School,Education,international_school,British,"Kindergarten, Primary, Secondary",Runda,"Runda, Nairobi","Christian international school offering a British-style education from Kindergarten to secondary within a close-knit, values-driven community.",-1.226,36.806,Mon - Fri 7:30 AM - 4:30 PM,"KSh 250,000 - 600,000 / year",4.4
Makini School Runda,Education,international_school,"CBC, Cambridge","Kindergarten, Primary, Secondary",Runda,"Runda, Nairobi","Dual-curriculum campus offering CBC and Cambridge International pathways, with modern classrooms, laboratories and extensive sports facilities.",-1.224,36.804,Mon - Fri 7:30 AM - 5:00 PM,"KSh 250,000 - 700,000 / year",4.3
Crawford International School Nairobi,Education,international_school,"Cambridge, IB","Kindergarten, Primary, Secondary",Runda,"Runda, Nairobi","International school offering Cambridge and IB pathways from early years to secondary, with a strong focus on technology and the arts.",-1.22,36.8,Mon - Fri 7:30 AM - 5:00 PM,"KSh 350,000 - 900,000 / year",4.4
International School of Kenya,Education,international_school,"American, IB","Kindergarten, Primary, Secondary",Gigiri,"Kirawa Road, Gigiri","One of East Africa's leading international schools, offering the American curriculum and IB Diploma to over a thousand students from more than 70 nationalities.",-1.231,36.813,Mon - Fri 7:45 AM - 4:45 PM,"KSh 700,000 - 1,600,000 / year",4.8
Italian School of Nairobi,Education,international_school,Italian,"Kindergarten, Primary, Secondary",Gigiri,"Gigiri, Nairobi","International school following the Italian national curriculum, welcoming Italian and international families from early years through secondary.",-1.233,36.817,Mon - Fri 7:45 AM - 4:00 PM,"KSh 300,000 - 700,000 / year",4.5
Gigiri Primary School,Education,primary_school,CBC,Primary,Gigiri,"Gigiri, Nairobi","Public primary school serving the Gigiri and Runda community with the CBC curriculum from Grade 1 to Grade 6.",-1.235,36.815,Mon - Fri 7:50 AM - 4:00 PM,Public - subsidised,4.1
Rosslyn Academy,Education,international_school,"American, IB","Kindergarten, Primary, Secondary",Rosslyn,"James Gichuru Road, Rosslyn","International Christian school offering an American-style curriculum and IB options to students from Kindergarten through Grade 12, with a large, green campus.",-1.214,36.792,Mon - Fri 7:45 AM - 4:30 PM,"KSh 650,000 - 1,400,000 / year",4.7
Rosslyn Academy Preparatory School,Education,primary_school,American,"Kindergarten, Primary",Rosslyn,"Rosslyn, Nairobi","The elementary and middle-school campus of Rosslyn Academy, delivering an American curriculum in a nurturing, faith-based environment.",-1.215,36.793,Mon - Fri 7:45 AM - 4:30 PM,"KSh 600,000 - 1,000,000 / year",4.6
Westlands Primary School,Education,primary_school,CBC,Primary,Westlands,"Westlands, Nairobi","Public primary school serving the Westlands community, offering the CBC curriculum from Grade 1 to Grade 6.",-1.266,36.806,Mon - Fri 7:50 AM - 4:00 PM,Public - subsidised,4.1
Nairobi International School,Education,international_school,British,"Kindergarten, Primary, Secondary",Westlands,"Westlands, Nairobi","International school following the British curriculum from Kindergarten through secondary, with a diverse student body and modern facilities.",-1.264,36.808,Mon - Fri 7:30 AM - 4:30 PM,"KSh 300,000 - 750,000 / year",4.4
Westlands Secondary School,Education,secondary_school,CBC,Secondary,Westlands,"Westlands, Nairobi","Public day secondary school offering the CBC curriculum and a range of co-curricular activities to learners from across Westlands.",-1.268,36.804,Mon - Fri 8:00 AM - 4:30 PM,Public - subsidised,4
Westlands Kindergarten,Education,kindergarten,,Kindergarten,Westlands,"Westlands, Nairobi","Warm and welcoming early years centre offering play-based learning for children aged 2 to 6, with bright classrooms and a secure outdoor play area.",-1.265,36.807,Mon - Fri 7:30 AM - 3:30 PM,"KSh 150,000 - 300,000 / year",4.2
Aga Khan Academy Nairobi,Education,international_school,IB,"Kindergarten, Primary, Secondary",Parklands,"1st Parklands Avenue, off Limuru Road","Established IB World School offering the PYP, MYP and Diploma programmes from Kindergarten through senior school on a leafy Parklands campus.",-1.262,36.815,Mon - Fri 7:45 AM - 4:30 PM,"KSh 500,000 - 1,100,000 / year",4.8
Aga Khan Junior Academy,Education,primary_school,IB,Primary,Parklands,"1st Parklands Avenue, off Limuru Road","Junior school of the Aga Khan Academy, delivering the IB Primary Years Programme in purpose-built, well-resourced facilities.",-1.263,36.816,Mon - Fri 7:45 AM - 4:00 PM,"KSh 400,000 - 700,000 / year",4.6
Oshwal Academy Nairobi,Education,international_school,"British, CBC","Kindergarten, Primary, Secondary",Parklands,"Wambugu Lane, off Parklands Road","Community international school offering both British and CBC curricula from early years through senior school, with strong academics and a wide range of clubs.",-1.261,36.814,Mon - Fri 7:30 AM - 4:30 PM,"KSh 250,000 - 650,000 / year",4.5
Oshwal Academy Junior High,Education,secondary_school,British,Secondary,Parklands,"Parklands, Nairobi","Junior high campus of Oshwal Academy, delivering the British curriculum for the middle years with well-equipped labs and studios.",-1.26,36.815,Mon - Fri 7:30 AM - 4:30 PM,"KSh 250,000 - 500,000 / year",4.4
Nairobi Jaffery Academy,Education,international_school,"British, CBC","Kindergarten, Primary, Secondary",Parklands,"Parklands, Nairobi","International school following the British curriculum and CBC, offering Kindergarten through secondary education within a supportive community setting.",-1.26,36.813,Mon - Fri 7:30 AM - 4:30 PM,"KSh 200,000 - 550,000 / year",4.5
Nairobi School,Education,secondary_school,CBC,Secondary,Parklands,"Waiyaki Way, Parklands","National boys' boarding school with a century of tradition, offering the CBC pathway at secondary level and a strong reputation in sport and academics.",-1.259,36.812,Mon - Fri 8:00 AM - 5:00 PM,"KSh 60,000 - 120,000 / year",4.6
Parklands Primary School,Education,primary_school,CBC,Primary,Parklands,"Parklands, Nairobi","Public primary school serving the Parklands community with the CBC curriculum from Grade 1 to Grade 6.",-1.264,36.817,Mon - Fri 7:50 AM - 4:00 PM,Public - subsidised,4
Nairobi Muslim Academy,Education,international_school,CBC,"Kindergarten, Primary, Secondary",Parklands,"Parklands, Nairobi","Faith-based academy offering the CBC and Islamic studies from Kindergarten through secondary, with a focus on academic excellence and character.",-1.262,36.818,Mon - Fri 7:30 AM - 4:30 PM,"KSh 100,000 - 250,000 / year",4.3
Kenya Muslim Academy,Education,international_school,CBC,"Kindergarten, Primary, Secondary",Parklands,"Parklands, Nairobi","Community school offering the CBC curriculum alongside Islamic studies, serving families across Parklands and the wider city.",-1.258,36.819,Mon - Fri 7:30 AM - 4:30 PM,"KSh 90,000 - 220,000 / year",4.2
Braeburn School,Education,international_school,British,"Kindergarten, Primary, Secondary",Lavington,"Gitanga Road, Lavington","One of Nairobi's best-known international schools, teaching the British curriculum from Kindergarten through A-Level on a spacious, well-equipped campus.",-1.276,36.771,Mon - Fri 7:30 AM - 5:00 PM,"KSh 450,000 - 1,100,000 / year",4.7
Braeside School,Education,international_school,British,"Kindergarten, Primary, Secondary",Lavington,"Muthangari, Lavington","International school offering the British curriculum from Kindergarten to GCSE and A-Level, with a reputation for academic strength and pastoral care.",-1.274,36.769,Mon - Fri 7:30 AM - 4:30 PM,"KSh 400,000 - 950,000 / year",4.6
St. Mary's School Nairobi,Education,secondary_school,CBC,Secondary,Lavington,"Lavington, Nairobi","National boys' secondary school with a long academic and sporting tradition, offering the CBC pathway and a strong alumni network.",-1.278,36.773,Mon - Fri 8:00 AM - 5:00 PM,"KSh 60,000 - 120,000 / year",4.6
Loreto High School Msongari,Education,secondary_school,CBC,Secondary,Lavington,"Msongari, Lavington","Catholic girls' secondary school offering the CBC curriculum within a values-led environment, known for strong results and community service.",-1.279,36.775,Mon - Fri 8:00 AM - 4:30 PM,"KSh 60,000 - 130,000 / year",4.6
Strathmore School,Education,secondary_school,CBC,Secondary,Lavington,"Muthangari Road, Lavington","Catholic boys' secondary school run by the Strathmore Educational Trust, offering the CBC curriculum and a strong science and mathematics tradition.",-1.277,36.776,Mon - Fri 8:00 AM - 5:00 PM,"KSh 80,000 - 160,000 / year",4.7
Kianda School,Education,secondary_school,CBC,Secondary,Lavington,"Lavington, Nairobi","Catholic girls' secondary school in the Strathmore family, offering the CBC curriculum and known for academic excellence and character formation.",-1.28,36.774,Mon - Fri 8:00 AM - 4:30 PM,"KSh 70,000 - 140,000 / year",4.5
Lavington Primary School,Education,primary_school,CBC,Primary,Lavington,"Lavington, Nairobi","Public primary school serving the Lavington community, offering the CBC curriculum from Grade 1 to Grade 6.",-1.275,36.768,Mon - Fri 7:50 AM - 4:00 PM,Public - subsidised,4.1
Kestrel Manor School,Education,international_school,British,"Kindergarten, Primary, Secondary",Lavington,"Lavington, Nairobi","Small international school offering the British curriculum from early years through secondary, with small class sizes and individual attention.",-1.273,36.77,Mon - Fri 7:30 AM - 4:30 PM,"KSh 250,000 - 600,000 / year",4.3
Cavina School,Education,secondary_school,British,Secondary,Lavington,"Lavington, Nairobi","Established secondary school offering the British curriculum, known for strong sciences and a firm but supportive learning culture.",-1.274,36.772,Mon - Fri 7:30 AM - 4:30 PM,"KSh 300,000 - 650,000 / year",4.4
German School Nairobi,Education,international_school,German,"Kindergarten, Primary, Secondary",Lavington,"Muthangari, Lavington","International school following the German curriculum, welcoming German-speaking and international families from Kindergarten through the Abitur.",-1.278,36.777,Mon - Fri 7:45 AM - 4:00 PM,"KSh 300,000 - 750,000 / year",4.6
St. Austin's Academy,Education,primary_school,CBC,"Kindergarten, Primary, Secondary",Lavington,"Lavington, Nairobi","Catholic private school offering the CBC curriculum from Kindergarten through secondary, with a strong focus on discipline and academic success.",-1.272,36.771,Mon - Fri 7:30 AM - 4:30 PM,"KSh 150,000 - 350,000 / year",4.3
Kenton College Preparatory School,Education,primary_school,British,Primary,Kileleshwa,"Kileleshwa, Nairobi","Prestigious British-curriculum preparatory and boarding school for boys aged 6 to 13, with a long heritage and strong academic record.",-1.283,36.786,Mon - Fri 7:30 AM - 4:30 PM,"KSh 450,000 - 800,000 / year",4.7
Kenya High School,Education,secondary_school,CBC,Secondary,Kileleshwa,"Kileleshwa, Nairobi","National girls' secondary school with an outstanding academic reputation, offering the CBC pathway and a broad leadership programme.",-1.284,36.788,Mon - Fri 8:00 AM - 5:00 PM,"KSh 60,000 - 120,000 / year",4.7
State House Girls High School,Education,secondary_school,CBC,Secondary,Kileleshwa,"Kileleshwa, Nairobi","National girls' secondary school in Kileleshwa offering the CBC curriculum, known for academic performance and a strong boarding community.",-1.285,36.787,Mon - Fri 8:00 AM - 5:00 PM,"KSh 60,000 - 120,000 / year",4.6
Rusinga School,Education,international_school,"British, CBC","Kindergarten, Primary, Secondary",Kileleshwa,"Kileleshwa, Nairobi","International school offering British and CBC curricula from Kindergarten through secondary, with modern facilities and a wide co-curricular offering.",-1.286,36.789,Mon - Fri 7:30 AM - 4:30 PM,"KSh 250,000 - 650,000 / year",4.5
Kileleshwa Primary School,Education,primary_school,CBC,Primary,Kileleshwa,"Kileleshwa, Nairobi","Public primary school serving the Kileleshwa community, offering the CBC curriculum from Grade 1 to Grade 6.",-1.282,36.785,Mon - Fri 7:50 AM - 4:00 PM,Public - subsidised,4
Riara School,Education,international_school,"CBC, British","Kindergarten, Primary, Secondary",Kilimani,"Riara Road, Kilimani","Long-established private school offering the CBC and British curricula from Kindergarten through secondary, with modern science and arts facilities.",-1.29,36.784,Mon - Fri 7:30 AM - 5:00 PM,"KSh 200,000 - 550,000 / year",4.4
Riara University,Education,university,,University,Kilimani,"Riara Road, Kilimani","Private university offering business, law, education and ICT degrees on a compact city campus, known for a friendly, student-centred approach.",-1.291,36.783,Mon - Fri 8:00 AM - 5:00 PM,"KSh 150,000 - 350,000 / year",4.4
Strathmore University,Education,university,,University,Kilimani,"Ole Sangale Road, Madaraka","Leading private university specialising in business, law, ICT and engineering, with a reputation for academic rigour and strong industry links.",-1.309,36.812,Mon - Fri 8:00 AM - 5:00 PM,"KSh 180,000 - 500,000 / year",4.7
Makini School Ngong Road,Education,international_school,"CBC, Cambridge","Kindergarten, Primary, Secondary",Kilimani,"Riara Road, Ngong Road","Dual-curriculum campus offering CBC and Cambridge pathways, with preschool through junior secondary and a strong focus on the arts and sciences.",-1.292,36.786,Mon - Fri 7:30 AM - 5:00 PM,"KSh 200,000 - 550,000 / year",4.5
Kilimani Primary School,Education,primary_school,CBC,Primary,Kilimani,"Kilimani, Nairobi","Public primary school serving the Kilimani community, offering the CBC curriculum from Grade 1 to Grade 6.",-1.289,36.787,Mon - Fri 7:50 AM - 4:00 PM,Public - subsidised,4
Kilimani International School,Education,international_school,,"Kindergarten, Primary, Secondary",Kilimani,"Mtito Andei Road, Kilimani","International school offering a broad, inquiry-based curriculum from Kindergarten through secondary, with a diverse, multi-national student body.",-1.288,36.788,Mon - Fri 7:30 AM - 4:30 PM,"KSh 220,000 - 500,000 / year",4.2
KCA University Nairobi Campus,Education,university,,University,Kilimani,"Kilimani, Nairobi","Private university offering business, ICT and applied science programmes, with flexible day and evening study options.",-1.293,36.79,Mon - Fri 8:00 AM - 8:00 PM,"KSh 120,000 - 300,000 / year",4.2
Hospital Hill High School,Education,secondary_school,CBC,Secondary,Upper Hill,"Hospital Hill, Upper Hill","Public secondary school on Hospital Hill offering the CBC curriculum, with a strong academic and sporting tradition in the heart of the city.",-1.297,36.817,Mon - Fri 8:00 AM - 4:30 PM,Public - subsidised,4.5
Nairobi Primary School,Education,primary_school,CBC,Primary,Upper Hill,"Nairobi, Upper Hill","One of the city's oldest public primary schools, offering the CBC curriculum in a central location close to the CBD.",-1.296,36.816,Mon - Fri 7:50 AM - 4:00 PM,Public - subsidised,4.2
University of Nairobi,Education,university,,University,Upper Hill,"University Way, Nairobi","Kenya's flagship public university, offering a wide range of undergraduate and postgraduate programmes across multiple faculties and campuses.",-1.279,36.817,Mon - Fri 8:00 AM - 5:00 PM,"KSh 100,000 - 300,000 / year",4.6
Daystar University Nairobi Campus,Education,university,,University,Upper Hill,"Valley Road, Nairobi","Private Christian university with a city campus offering business, communication and social science programmes in the heart of Nairobi.",-1.293,36.812,Mon - Fri 8:00 AM - 5:00 PM,"KSh 120,000 - 300,000 / year",4.3
Upper Hill School,Education,secondary_school,CBC,Secondary,Upper Hill,"Upper Hill, Nairobi","Public secondary school serving the Upper Hill area, offering the CBC curriculum and a range of co-curricular activities.",-1.299,36.819,Mon - Fri 8:00 AM - 4:30 PM,Public - subsidised,4.1
Technical University of Kenya,Education,university,,University,Upper Hill,"Haile Selassie Avenue, Nairobi","Public technical university offering engineering, applied sciences and business programmes with a focus on practical, industry-ready skills.",-1.294,36.823,Mon - Fri 8:00 AM - 5:00 PM,"KSh 100,000 - 260,000 / year",4.2
Kenya Methodist University Nairobi Campus,Education,university,,University,Upper Hill,"Upper Hill, Nairobi","Private university campus offering business, education and health science programmes in the city centre.",-1.3,36.821,Mon - Fri 8:00 AM - 5:00 PM,"KSh 110,000 - 280,000 / year",4.2
Muthaiga Primary School,Education,primary_school,CBC,Primary,Muthaiga,"Muthaiga, Nairobi","Public primary school serving the Muthaiga community, offering the CBC curriculum from Grade 1 to Grade 6.",-1.241,36.831,Mon - Fri 7:50 AM - 4:00 PM,Public - subsidised,4.1
Muthaiga Secondary School,Education,secondary_school,CBC,Secondary,Muthaiga,"Muthaiga, Nairobi","Public day secondary school offering the CBC curriculum to learners from Muthaiga and the surrounding neighbourhoods.",-1.242,36.832,Mon - Fri 8:00 AM - 4:30 PM,Public - subsidised,4
St. Andrew's School,Education,primary_school,,Primary,Muthaiga,"Muthaiga, Nairobi","Preparatory school offering a broad primary education in a leafy, secure setting close to central Nairobi.",-1.239,36.829,Mon - Fri 7:30 AM - 4:00 PM,"KSh 200,000 - 450,000 / year",4.3
Spring Valley Primary School,Education,primary_school,CBC,Primary,Spring Valley,"Spring Valley, Nairobi","Public primary school serving the Spring Valley community, offering the CBC curriculum from Grade 1 to Grade 6.",-1.255,36.79,Mon - Fri 7:50 AM - 4:00 PM,Public - subsidised,4
Sacred Heart School,Education,primary_school,CBC,"Kindergarten, Primary, Secondary",Spring Valley,"Spring Valley, Nairobi","Catholic private school offering the CBC curriculum from Kindergarten through secondary within a caring, community-focused environment.",-1.254,36.789,Mon - Fri 7:30 AM - 4:30 PM,"KSh 150,000 - 350,000 / year",4.3
Spring Valley Secondary School,Education,secondary_school,CBC,Secondary,Spring Valley,"Spring Valley, Nairobi","Public day secondary school offering the CBC curriculum and a range of sporting and creative activities.",-1.256,36.791,Mon - Fri 8:00 AM - 4:30 PM,Public - subsidised,4
Loresho Primary School,Education,primary_school,CBC,Primary,Loresho,"Loresho, Nairobi","Public primary school serving the Loresho community, offering the CBC curriculum from Grade 1 to Grade 6.",-1.245,36.786,Mon - Fri 7:50 AM - 4:00 PM,Public - subsidised,4.1
Loresho Secondary School,Education,secondary_school,CBC,Secondary,Loresho,"Loresho, Nairobi","Public day secondary school offering the CBC curriculum to learners from Loresho and neighbouring estates.",-1.244,36.784,Mon - Fri 8:00 AM - 4:30 PM,Public - subsidised,4
Braeburn Garden Estate,Education,international_school,British,"Kindergarten, Primary, Secondary",Ridgeways,"Garden Estate, Ridgeways","The Garden Estate campus of Braeburn, offering the British curriculum from Kindergarten through secondary in a green, spacious setting.",-1.226,36.842,Mon - Fri 7:30 AM - 5:00 PM,"KSh 400,000 - 950,000 / year",4.5
Woodcreek School,Education,international_school,British,"Kindergarten, Primary, Secondary",Ridgeways,"Kiambu Road, Ridgeways","International school offering the British curriculum from Kindergarten through secondary, with modern facilities and a strong outdoor education programme.",-1.224,36.845,Mon - Fri 7:30 AM - 5:00 PM,"KSh 350,000 - 850,000 / year",4.5
Ridgeways Primary School,Education,primary_school,CBC,Primary,Ridgeways,"Kiambu Road, Ridgeways","Public primary school serving the Ridgeways and Garden Estate community, offering the CBC curriculum from Grade 1 to Grade 6.",-1.225,36.843,Mon - Fri 7:50 AM - 4:00 PM,Public - subsidised,4.1
Makini School Ridgeways,Education,international_school,"CBC, Cambridge","Kindergarten, Primary, Secondary",Ridgeways,"Ridgeways, Nairobi","Dual-curriculum campus offering CBC and Cambridge pathways with modern classrooms, laboratories and extensive playing fields.",-1.227,36.846,Mon - Fri 7:30 AM - 5:00 PM,"KSh 250,000 - 650,000 / year",4.3
Kabete International School,Education,international_school,British,"Kindergarten, Primary, Secondary",Kitisuru,"Kitisuru, Nairobi","International school offering the British curriculum from Kindergarten through secondary in a quiet, leafy Kitisuru setting.",-1.24,36.77,Mon - Fri 7:30 AM - 4:30 PM,"KSh 300,000 - 700,000 / year",4.4
Lower Kabete Primary School,Education,primary_school,CBC,Primary,Kitisuru,"Kitisuru, Nairobi","Public primary school serving the Kitisuru and Lower Kabete community, offering the CBC curriculum from Grade 1 to Grade 6.",-1.242,36.768,Mon - Fri 7:50 AM - 4:00 PM,Public - subsidised,4
Kitisuru Primary School,Education,primary_school,CBC,Primary,Kitisuru,"Kitisuru, Nairobi","Public primary school offering the CBC curriculum and a range of co-curricular activities to learners in the Kitisuru area.",-1.238,36.772,Mon - Fri 7:50 AM - 4:00 PM,Public - subsidised,4
Nyari Preparatory School,Education,primary_school,,Primary,Nyari,"Nyari, Nairobi","Small preparatory school offering a broad primary education in the quiet, leafy Nyari neighbourhood.",-1.235,36.78,Mon - Fri 7:30 AM - 4:00 PM,"KSh 180,000 - 400,000 / year",4.2
Nyari Kindergarten,Education,kindergarten,,Kindergarten,Nyari,"Nyari, Nairobi","Early years centre offering play-based learning for children aged 2 to 6, with bright classrooms and a secure garden play area.",-1.236,36.779,Mon - Fri 7:30 AM - 3:30 PM,"KSh 150,000 - 300,000 / year",4.2
University of Nairobi Chiromo Campus,Education,university,,University,Riverside,"Riverside Drive, Nairobi","The science and health sciences campus of the University of Nairobi, hosting biomedical, physical and biological science faculties.",-1.272,36.803,Mon - Fri 8:00 AM - 5:00 PM,"KSh 100,000 - 300,000 / year",4.5
Riverside Primary School,Education,primary_school,CBC,Primary,Riverside,"Riverside, Nairobi","Public primary school serving the Riverside community, offering the CBC curriculum from Grade 1 to Grade 6.",-1.274,36.808,Mon - Fri 7:50 AM - 4:00 PM,Public - subsidised,4
Kabete Junior Academy,Education,kindergarten,British,Kindergarten,Lower Kabete,"Farasi Lane, Lower Kabete","British-curriculum kindergarten and early years centre in Lower Kabete, a short drive from Westlands and Sarit Centre.",-1.239,36.759,Mon - Fri 7:30 AM - 4:00 PM,"KSh 180,000 - 380,000 / year",4.5
Pearl Hearts Schools,Education,primary_school,CBC,"Primary, Secondary",Lower Kabete,"Lower Kabete, Nairobi","Christian school offering the CBC curriculum from Grade 1 to Grade 9 across a growing Lower Kabete campus.",-1.241,36.757,Mon - Fri 7:30 AM - 4:30 PM,"KSh 120,000 - 280,000 / year",4.4
Lower Kabete Secondary School,Education,secondary_school,CBC,Secondary,Lower Kabete,"Lower Kabete, Nairobi","Public day secondary school offering the CBC curriculum to learners from Lower Kabete and Kitisuru.",-1.243,36.756,Mon - Fri 8:00 AM - 4:30 PM,Public - subsidised,4
Arboretum Primary School,Education,primary_school,CBC,Primary,Arboretum,"Arboretum, Nairobi","Public primary school serving the Arboretum community, offering the CBC curriculum from Grade 1 to Grade 6.",-1.276,36.806,Mon - Fri 7:50 AM - 4:00 PM,Public - subsidised,4
State House Primary School,Education,primary_school,CBC,Primary,Arboretum,"Arboretum, Nairobi","Public primary school offering the CBC curriculum in a central, green location close to the Arboretum.",-1.277,36.807,Mon - Fri 7:50 AM - 4:00 PM,Public - subsidised,4.1
Arboretum Secondary School,Education,secondary_school,CBC,Secondary,Arboretum,"Arboretum, Nairobi","Public day secondary school offering the CBC curriculum and a range of co-curricular activities.",-1.278,36.808,Mon - Fri 8:00 AM - 4:30 PM,Public - subsidised,4