listing_id,title,current_price,purpose,neighbourhood,bedrooms,flag,corrected_price
bdb97afa-7d2b-4af6-b3ea-c98b8ffc5dcb,"A Beautifully Furnished 4 Bedroom En-Suite Apartment To Let in Westlands",0,rent,Westlands,4,MISSING,
b0ea1ebb-244d-4714-9d61-4da076107c12,"A Luxurious Fully Furnished 1 Bedroom Apartment To Let in GTC Westlands",0,rent,Westlands,1,MISSING,
055ad7ec-b56b-4bff-9905-9ba9fc5474b2,"Elegant 1 Bedroom Apartment for Rent In Kilimani",0,rent,Kilimani,1,MISSING,
5e7c4ff1-a736-4b20-88c6-5ebd1bf6c75a,"Elegant 1 Bedroom Fully Furnished Apartment for Rent in Misty Springs, Westlands",0,rent,Westlands,1,MISSING,
740aa936-00a5-43f3-adc6-79db66ce3334,"En-Suite Furnished 1 Bedroom for Rent in Kilimani, Nairobi | All Bills Included",0,rent,Kilimani,1,MISSING,
d352efb9-b864-4883-8c01-a6ac42aeeaed,"Executive 1 Bedroom Furnished Apartment for Rent in Elite Residence, Westlands",0,rent,Westlands,1,MISSING,
5995cac1-63d7-4677-ab92-22e1b1b91ccd,"Executive 3 Bedroom Furnished Apartment for Rent in Westlands",0,rent,Westlands,2,MISSING,
46d12389-63b9-4915-a6ce-66e9b076d3f6,"Executive 4 Bedroom Family Home for Rent in Brookside, Westlands",0,rent,Westlands,4,MISSING,
0d25d2c7-4667-4d57-aa34-6ba5cf148dcd,"Executive 8 Bedroom Furnished Residence for Rent in Runda",0,rent,Runda,8,MISSING,
5459a7cc-8165-4d5f-ac12-77f691d31a99,"Fully Furnished 1 Bedroom Apartment for Rent in Kilimani, Nairobi for Short & Long Stay",0,rent,Kilimani,1,MISSING,
f5f2f646-e254-42b3-8e53-63969f9eef9e,"Fully Furnished 1 Bedroom Stylish Apartment for Rent in Kindaruma Homes, Lavington",0,rent,Lavington,1,MISSING,
a3ad8c74-3dfa-4b76-b5c3-2c64bca41907,"FULLY FURNISHED 4 BEDROOM PRIVATE VILLA IN DIANI",0,rent,Diani,4,MISSING,
93335772-831e-4156-bf8f-bca14a587e11,"Fully Furnished Airbnb Apartments for Rent in Kisumu Milimani",0,rent,Kilimani,5,MISSING,
b427d14a-40a6-4be3-83a2-1415c4932ea6,"Fully Furnished Airbnb for Rent in Kisumu Milimani",0,sale,Kilimani,1,MISSING,
e3ade105-057f-414b-aebe-7a21aac6132e,"Furnished 1-Bedroom Apartment for Rent in Kilimani, Nairobi | Near Yaya Centre",0,rent,Kilimani,1,MISSING,
ed443b78-8ae5-4c34-8fcd-51181fb4409e,"Furnished 2 Bedroom Apartment for Rent at Pinecrest, Kilimani",0,rent,Kilimani,2,MISSING,
c4d4f753-e688-42fb-ac63-7c5834086d8f,"LUXURIOUS 3 BEDROOM APARTMENT PLUS DSQ FOR RENT IN KAREN",0,rent,Karen,3,MISSING,
906beca2-07b5-4c95-8590-6cc01acd13a2,"LUXURIOUS FULLY FURNISHED APARTMENTS FOR RENT",0,rent,,4,MISSING,
d38d7e65-dad3-4a12-8b9e-7928e00c8849,"LUXURIOUS VILLA IN OSTREA KAREN FOR SALE",0,sale,Karen,5,MISSING,
03b87e2d-a586-4d5c-b066-f46207fc78a2,"Luxury 1 Bedroom Fully Furnished Apartment for Rent in GTC, Westlands for Short & Long-Term Stays Available",0,rent,Westlands,1,MISSING,
506589cc-9d63-4054-a1ac-d995224a8636,"Luxury 1 Bedroom Fully Furnished Apartment for Rent in Westlands | Walking Distance to GTC & JW Marriott",0,rent,Westlands,1,MISSING,
9347e66f-cfae-47cd-ac89-f4393a5b8f29,"Luxury 1 Bedroom Fully Furnished Apartment for Rent in Westlands, Nairobi",0,rent,Westlands,1,MISSING,
22085455-062a-4d98-9bac-dba85b3d154d,"Luxury 2 Bedroom Fully Furnished Apartment for Rent in GTC, Westlands",0,rent,Westlands,2,MISSING,
72bce501-cc3a-4a91-ac10-4a6868cc8965,"Luxury 2 Bedroom Furnished Apartment for Rent in Riara Road, Nairobi | Near Lavington",0,rent,Lavington,2,MISSING,
cf072641-b76a-46cf-857d-6e5bf9ba7841,"Luxury 2 Bedroom Furnished Apartment for Rent in Westlands | Nairobi",0,rent,Westlands,2,MISSING,
5068fcc9-fa97-4554-bce2-a5d8edefe4dd,"Luxury 3 Bedroom Furnished Apartment with SQ for Rent in Westlands",0,rent,Westlands,3,MISSING,
b4dbe392-2adf-44fa-9730-0a4ed9d4bd05,"Luxury 5 Bedroom Fully Furnished Home for Rent in Ruiru (Kamakis)",0,rent,Runda,5,MISSING,
6b1a488c-46bc-4532-b9ea-55df0c02bdcc,"Luxury 5 Bedroom Home for Sale/Rent in Nairobi",0,sale,Lower Kabete,5,MISSING,
14bb7373-e7e5-412e-a676-4988a5f5f0ab,"Luxury Airbnb Apartments for Rent in Kilimani, Nairobi | Studios to 3 Bedrooms",0,rent,Kilimani,3,MISSING,
cc37a4f4-f562-46fb-99af-5768d6bf840b,"Luxury Newly Furnished 1 Bedroom Apartment for Rent in Westlands",0,rent,Westlands,1,MISSING,
763a34e2-bdb4-4c6d-8be6-edf8a8805187,"Modern Luxury 3 Bedroom Fully Furnished Apartment for Rent in Westlands, Nairobi",0,rent,Westlands,3,MISSING,
a34c7742-7a38-45cb-b52b-4a6c86fec12a,"Modern Studio Airbnb Apartment for Rent in Runda",0,rent,Runda,0,MISSING,
b49f89f3-f2e6-42f2-94e5-ed1215ccca08,"Modern Studio Apartment for Rent in Himalaya, Kilimani for Short & Long Stay",0,rent,Kilimani,0,MISSING,
ad964244-5f54-4de7-b6a9-8f6f557b4b15,"Newly Renovated 4-Bedroom Maisonette with Private Garden for Rent – Westlands",0,rent,Westlands,4,MISSING,
7b149fe3-06fa-423e-9e27-07281dd6fc69,"Premium 1 Bedroom Furnished Apartment for Rent in Westlands",0,rent,Westlands,1,MISSING,
0b7c7996-6d70-46c6-89ff-f68439ade834,"Refined 2 Bedroom Furnished Apartment for Rent in Westlands",0,sale,Westlands,2,MISSING,
748df62a-df17-4daa-ac32-929408da81b3,"Scenic 3 Bedroom Penthouse for Rent in Westlands",0,rent,Muthaiga,3,MISSING,
7ef2a36c-ded3-4d72-9a0d-7309f99562e7,"Sophisticated 1 Bedroom Beautifully Furnished Apartment for Rent in Westlands",0,rent,Westlands,1,MISSING,
8526608e-e075-4e57-98da-04ba2e1275ff,"Sophisticated 1 Bedroom Furnished Apartment for Rent in Westlands",0,rent,Westlands,1,MISSING,
a7f227cb-02bb-4522-851b-4055fede2f48,"Spacious Furnished 2 Bedroom Apartment for Rent in Kilimani, Nairobi for Short & Long Stay",0,rent,Kilimani,2,MISSING,
2f07a821-9302-4c35-a014-6519cc4d8546,"Stylish 1 Bedroom Furnished Apartment For Rent in Westlands | Ideal for Short & Long-Term Stays",0,rent,Westlands,1,MISSING,
b94bfba7-a754-4e38-92d3-a8ccff93c748,"Affordable Furnished 3-Bedroom Apartment for Rent in Kilimani",1,rent,Kilimani,3,MISSING,
17d335e6-59e9-4204-a732-83cb920f39cd,"Luxury Furnished 2 Bedroom Apartment for Rent in Riverside Nairobi",1,rent,Riverside,2,MISSING,
4f33937a-5363-4ae9-bd0c-ec94ee415d7d,"Grade A Office Space for Rent in Westlands, Nairobi",120,rent,Westlands,0,LOW,
84a17410-d166-4182-8b72-13809d2e2a26,"En-Suite Rooms Available in a Shared 3-Bedroom Apartment in Westlands",550,rent,Westlands,2,LOW,
8f861302-52e5-481b-a9b1-35bcd47d8c90,"Fully Furnished 1 Bedroom Guest Wing for Rent in Runda",1000,rent,Runda,1,LOW,
c0447a7a-ac14-4670-a43f-a80e6b99c1ec,"Fully Furnished 2-Bedroom Guest Wing for Rent in Runda",1000,rent,Runda,2,LOW,
9572bfa5-30e7-4e5c-9adc-0ed8710d0fdf,"Tastefully Furnished 1 Bedroom Serviced Apartment for Rent in Westlands, Off Rhapta Road",1250,rent,Westlands,1,LOW,
b09e9b24-cc6d-4d78-a1db-d0d630266cde,"Tastefully Furnished 1-Bedroom Serviced Apartment for Rent – Off Rhapta Road, Westlands",1250,rent,Westlands,1,LOW,
4887014c-1a94-44cc-ac25-918ed334b49c,"Cozy 2 Bedroom Fully Furnished Guest Wing for Rent in Runda",1500,rent,Runda,2,LOW,
8b628e39-3d61-4a3b-89ab-70936f131df2,"Luxury 1 Bedroom Fully Furnished Apartment for Rent in Enaki Residence",1500,rent,Gigiri,1,LOW,
d3542b92-1ffc-4b4c-9afa-517d94a8bd88,"Furnished 2-Bedroom Guest House for Rent in Runda",1550,rent,Runda,2,LOW,
baaf5bda-4dbf-4c11-b4a6-40b3bdc26ee8,"Executive 2 Bedroom All En-Suite Apartment for Rent in General Mathenge, Westlands",1600,sale,Westlands,2,LOW,
4d0f592e-e046-45f0-9116-c1bb08f8b33b,"Modern Elegant 2 Bedroom Apartment for Rent in Westlands",1600,rent,Westlands,2,LOW,
cedcd9ae-0c58-4f38-a710-f69eaeb49d40,"BEAUTIFULLY FURNISHED 2 BEDROOM APARTMENT FOR RENT",1800,rent,Kileleshwa,2,LOW,
93e85fe7-f783-4001-8659-9b20ab340b6e,"Fully Furnished 3-Bedroom Serviced Townhouse for Rent in Lavington",1800,rent,Lavington,3,LOW,
15c763c6-0f5c-4c65-8679-57b3ae1abc51,"FULLY FURNISHED 2 BEDROOM APARTMENT FOR RENT",2000,rent,Kileleshwa,2,LOW,
9846e041-4f0e-4350-9cc1-87a6ab9f819b,"Luxury 2 Bedroom Fully Furnished Apartment for Rent in Parklands",2000,rent,Muthaiga,2,LOW,
20807c49-03d0-4fbc-aa3c-e9914d71e193,"Modern Executive 1 Bedroom Serviced Apartment for Rent in Westlands",2000,rent,Westlands,1,LOW,
28b13ee0-7ec6-4d90-b285-4171e9ab7dd3,"Stylish Luxury 3 Bedroom Furnished Apartment with Staff Quarter for Rent in Westlands",2100,rent,Westlands,3,LOW,
97b04a9a-bd53-40f9-81c7-3597c9a20e6a,"A Modern Luxury 3 Bedroom Furnished Apartment with Staff Quarter for Rent in Westlands",2200,rent,Westlands,3,LOW,
e8cd5d6b-cb69-4756-b9b5-bf7ca5b98cca,"A Newly Built Furnished 3Bedroom En-site Apartment for Rent in General Mathenge",2200,rent,Muthaiga,3,LOW,
3edcae9d-7caf-4d7c-b6b5-7cf1815b96ee,"Elegant 2 Bedroom Apartment with DSQ for Rent in Westlands",2200,rent,Westlands,2,LOW,
6edca343-5260-4a89-936a-91f61ec7e648,"Executive 2 Bedroom Furnished Apartment for Rent Along Matundu Close, Westlands",2200,rent,Westlands,2,LOW,
79b7061b-4d96-4695-9da5-e95e3559d2d1,"Executive 2 Bedroom Furnished Apartment with DSQ in Volaire, Westlands",2200,rent,Westlands,2,LOW,
9771ab02-d253-4baf-829a-866033775b70,"Luxury 2 Bedroom Apartment for Rent in Riverside Drive",2200,rent,Riverside,2,LOW,
12ca3d21-28e7-4b41-9e88-aaca7a3209cf,"Luxury 2 Bedroom Furnished Apartment for Rent in Riverside Drive",2200,rent,Riverside,0,LOW,
79eac47d-a3d0-4c68-8d9a-5a7e49e022c9,"Luxury 2 Bedroom Furnished Apartment with DSQ for Rent in Volaire, Westlands",2200,rent,Westlands,2,LOW,
11361400-0793-464b-b9a3-6cb1dc690dad,"Luxury 2 Bedroom Furnished Apartment for Rent in Runda",2300,rent,Runda,2,LOW,
87cd2865-99cf-4c23-a12c-5c24c4c33d1a,"Elegant 2 Bedroom Furnished Apartment for Rent Along Peponi Road",2400,rent,Westlands,2,LOW,
28202510-ebab-4be5-b4f1-0f00d897b79c,"Elegant 4 Bedroom All En-Suite Family Home for Rent in Westlands",2500,rent,Westlands,4,LOW,
6e72af76-1ffa-4974-b8da-646d5ad8c691,"Luxury 3 Bedroom Apartment with DSQ for Rent in Riverside Drive",2500,rent,Riverside,3,LOW,
a407afb0-40d3-4867-b94c-3121c96d1cb9,"Luxury 3 Bedroom Furnished Apartment with DSQ for Rent IN Riverside Drive",2500,rent,Riverside,3,LOW,
dc0f58e2-8f14-4dfa-a528-fef73c19d37b,"Luxury 3 Bedroom Residence with DSQ for Rent in Riverside",2500,rent,Riverside,3,LOW,
45f411fa-7de4-44d1-894c-432df4dc4c43,"Luxury Stylish 3 Bedroom Apartment with DSQ for Rent in Brookside Drive, Westlands",2600,rent,Westlands,3,LOW,
5124ccb1-b312-4551-bf92-c26cb7934c65,"Forest-View 3 & 5-Bedroom Executive Apartments for Rent in Peponi Road, Westlands",3000,rent,Westlands,3,LOW,
53760bb3-939c-4d58-a37a-8a64e1c7381b,"Luxury 3-Bedroom En-suite Furnished Villa for Rent in Karen, Nairobi",3000,rent,Karen,3,LOW,
4580123b-8584-4a50-9105-a4e3dd209721,"SPACIOUS 5 BEDROOM HOUSE IN GIGIRI",3000,rent,Gigiri,5,LOW,
da572f5a-bf94-46b9-a7c1-42922479c3f0,"Executive 4 Bedroom House with Attic for Rent in Runda",3250,rent,Runda,5,LOW,
9af9c866-97bc-4b27-9f16-39392b4f481e,"Modern Luxury 4 Bedroom Refurbished Cottage for Rent in Muthaiga",3250,rent,Muthaiga,4,LOW,
b3a7064c-9d2e-4030-9c44-99568d04d45d,"Exclusive 4 Bedroom Residence for Rent in Peponi Road, Westlands",3500,rent,Westlands,4,LOW,
32627577-e74a-4e22-8b68-d9f8cbab4b20,"Exclusive 4Bedroom Forest-Front Apartment for Rent Along Peponi Road, Westlands",3500,rent,Spring Valley,4,LOW,
45139753-d7c2-4c0b-8c3e-b696ce6ac8ce,"LUXURIOUS FURNISHED 2 BEDROOM GARDEN FLAT IN GIGIRI",3750,rent,Gigiri,2,LOW,
7b934ad8-770a-4d09-8162-13fe5d4e1372,"Luxury Fully Furnished & Serviced 2 Bedroom Cottage for Rent in Gigiri",3900,rent,Gigiri,2,LOW,
9ced3ba0-45b5-4a2c-8f28-17534d1a39bf,"Affordable Furnished Apartments & Airbnb Stays Across Nairobi",4000,rent,Kilimani,2,LOW,
bcfbf7f5-c9fa-4cb8-b030-a39d5d79bc89,"Elegant 3 Bedroom All En-suite Townhouse for Rent in Runda",4000,rent,Runda,3,LOW,
bfc94aed-38b9-452b-a5de-e4d749e7578d,"Elegant 4 Bedroom House for Rent in Lakeview",4000,rent,Riverside,4,LOW,
5000c61e-24cf-4893-85ba-6d187930d0a2,"Executive 4-Bedroom House with Guest Room for Rent – Runda Mumwe",4000,rent,Runda,4,LOW,
de91a0c9-2b1b-4d78-8a3a-3abfafcfafcc,"Luxury 4 Bedroom All En-Suite Apartment with DSQ for Sale or Rent in Westlands",4000,sale,Westlands,4,LOW,
a3cd412d-271f-4d95-bac6-49b1b69baa03,"PRIME PROPERTY IN GIGIRI, NAIROBI",4000,rent,Gigiri,3,LOW,
3df0d1b0-23d3-4d1e-8681-594679f326d0,"Exceptional 4 Bedroom Apartment for Rent in Peponi Road",4300,rent,Runda,4,LOW,
ab4de655-0f3b-478d-9365-3ca5e363d5cc,"Brand New 4 Bedroom Luxury Townhouse for Rent – Runda",4500,rent,Runda,4,LOW,
6bb9ee6c-52dc-4100-b143-acaa7a20b399,"Elegant 4 Bedroom All En-suiteTownhouse for Rent in Runda",4500,rent,Runda,4,LOW,
6628ff5b-46f8-4830-b590-53089b20269b,"Executive 4 Bedroom Standalone Residence for Rent in Runda",4500,rent,Runda,4,LOW,
8c47e757-ac04-48cc-b694-4e2871e19d72,"Executive 5 Bedroom Residence for Rent in Runda",4500,rent,Runda,5,LOW,
288df42a-3fec-4e1c-be5d-6ff292ba9e8f,"Executive 5-Bedroom House with DSQ for Rent in Runda",4500,rent,Runda,5,LOW,
bf1d514f-f03b-4687-a0a3-3f0311562adf,"Refined 2-Bedroom Fully Furnished Apartment for Rent in Muthaiga",4500,rent,Muthaiga,2,LOW,
a56c810b-e56a-466e-8a81-6f5138e6fd5c,"Elegant 5 Bedroom All En-suite Townhouse for Rent in Lower Kabete",5000,rent,Lower Kabete,5,LOW,
6429c4ec-16a0-40ad-8791-0eb071157a9d,"Executive 5 Bedroom Townhouse for Rent in Runda Estate",5000,rent,Runda,5,LOW,
c442f51e-ca7d-4aeb-8c94-15d34cd77dd3,"Executive cozy 5 Bedroom House on Half Acre for Rent in Runda",5000,rent,Runda,5,LOW,
ac4e2c5f-21f8-48c1-be97-219e22aaab67,"Luxury 4 Bedroom Villa for Rent in Runda",5000,rent,Runda,4,LOW,
4da5b094-53da-4af2-acf2-50dcf7ee97e0,"Modern Luxury 5 Bedroom En-suite Villa for Rent in Lower Kabete Road",5000,rent,Lower Kabete,5,LOW,
02a167e8-1b22-414f-bd54-06cb6fc62d3a,"Ultra-Modern 5 Bedroom Smart Townhouse for Sale & Rent in Westlands",5000,rent,Westlands,5,LOW,
e3260e2c-1398-44b1-a526-cc73506d72c1,"Luxury 4 Bedroom Skyline View Penthouse for Rent on Riverside Drive, Nairobi",6000,sale,Riverside,4,LOW,
a4cc4b07-6189-4221-ae88-28f44c92405e,"Brand New 5-Bedroom Luxury Villa for Rent in Runda",6300,rent,Runda,5,LOW,
870a7276-1b55-4605-bde3-048c1b9c0ab3,"Ambassadorial 5 Bedroom Home for Rent in Runda",6500,rent,Runda,5,LOW,
a92032d2-cecc-4073-8789-7d5c94ced7e6,"Executive Furnished 1-Bedroom Apartment for Rent in Kilimani",6500,rent,Kilimani,1,LOW,
1d6ff281-cf0d-486a-ae1e-4a0484579e09,"Modern Stylish 1.5 Bedroom Airbnb for Rent in Kilimani, Nairobi",7000,rent,Kilimani,2,LOW,
e10bf428-b4b7-43be-97db-5db17a4124e8,"Executive Modern 2 Bedroom Furnished Penthouse for Rent in Westlands",7500,rent,Westlands,2,LOW,
4beeac14-effd-4a1b-948f-7780331adc16,"Ambassadorial 4 Bedroom Residence for Rent in Muthaiga Diplomatic Zone",8000,rent,Muthaiga,4,LOW,
522895a1-5508-4ec0-b986-f40611250dda,"Fully Furnished 3-Bedroom All En-Suite Apartment for Rent in Kilimani",12000,rent,Kilimani,3,LOW,
304c23fa-a440-4ec2-9607-5580ee33fcc2,"Spacious Studio Apartment for Rent In Lavington",55000,rent,Lavington,1,VERIFY,
13d3e3a0-b18a-49c1-aeca-0fc7c54565e5,"A 3 Bedroom All En Suite Apartment For Rent In Westlands",60000,rent,Westlands,3,VERIFY,
b8911bb4-8e84-4ca2-b4ea-6bc027d36572,"A Fully furnished All En-suite Beroom within A 3 Bedroom Apartmen To Let in Westlands",60000,rent,Westlands,1,VERIFY,
2ad81ae8-339b-4bf8-9942-bd4cf2598001,"Luxury Affordable 3 Bedroom House for Rent in Runda",60000,rent,Runda,3,VERIFY,
59a91e23-c396-40e3-92b6-3206fbd71807,"MODERN 1 BEDROOM APARTMENT FOR RENT",60000,rent,Kileleshwa,1,VERIFY,
cd49877c-97ff-4802-9390-c2cf9fd7aee3,"ELEGANT 1 BEDROOM APARTMENT FOR RENT",65000,sale,Kileleshwa,1,VERIFY,
3096bd20-b4a7-446c-8877-53847838e8f6,"Luxurious 1 Bedroom Apartment for Rent In City Oasis Gardens, Lavington",65000,rent,Lavington,1,VERIFY,
4936e36a-85e2-46c5-9868-f209337d0737,"Affordable 1 Bedroom All En-suite Apartment for Rent in Lavington, Nairobi",70000,rent,Lavington,1,VERIFY,
0d8f8e32-957f-472e-82ee-410df89b5868,"Semi-Furnished 1 Bedroom En-suite Apartment for Rent in Lavington, Nairobi",70000,rent,Lavington,1,VERIFY,
b102a3e6-f8b7-4c0a-8b52-ec3f11493f9d,"ELEGANT 2 BEDROOM APARTMENT FOR RENT – KILELESHWA",75000,rent,Kileleshwa,2,VERIFY,
7b6965aa-199e-45e5-afaf-201059ef5a9c,"Elegant 2 Bedroom Apartment for Rent In Lavington",80000,rent,Lavington,2,VERIFY,
704a6f77-d41e-4367-a6d5-a893d3499187,"LUXURIOUS 3 BEDROOM HOUSE FOR RENT IN KAREN",85000,rent,Karen,3,VERIFY,
2410c847-a2bd-4d32-9d10-fc72c50d92ee,"Modern Stylish 2 Bedroom All En-suite Apartments for Rent in Westlands Road",85000,rent,Westlands,2,VERIFY,
a49f5558-df8e-437c-9a8e-954137a2564e,"Serviced 1 Bedroom Cottage for Rent in Parklands/Muthaiga Nairobi – UN Approved Compound",85000,rent,Muthaiga,1,VERIFY,
7acc5cec-a619-4eb8-bc3b-c196d116872b,"Executive 3 Bedroom Apartment for Rent in Lavington",90000,rent,Lavington,3,VERIFY,
1db4becc-8d86-4ccc-97ed-6e428506888d,"Executive Modern 2 Bedroom Stylish Apartment To Let in Shangri-La, Westlands",90000,rent,Westlands,2,VERIFY,
055a0d3e-e94b-4eb3-a057-157de900dabe,"Fully Furnished 1 Bedroom Modern Apartment for Rent in Lavington, Nairobi",90000,rent,Lavington,1,VERIFY,
59254843-53aa-4fb0-a515-5701e58732d8,"MODERN 2 BEDROOM APARTMENT FOR RENT",90000,rent,Kileleshwa,2,VERIFY,
9239053c-8ee8-4959-b6e6-a7260e00c40e,"Tastefully Furnished 1 Bedroom Serviced Apartment for Rent in Westlands",99000,rent,Westlands,1,VERIFY,